,job,job_link,experience,city,education,application_deadline,company,company_link
0,Field Coordinator (national position),https://www.jobsnepal.com/job/field-coordinator-national-position/115606,3+ years,Rupandehi,,"Tue, 17 Sep 2019",Winrock International-Hamro Samman,https://www.jobsnepal.com/employer/winrock-international-hamro-samman/8360
1,CTIP Coordinator (national position),https://www.jobsnepal.com/job/ctip-coordinator-national-position/115609,3+ years,Kathmandu,,"Mon, 09 Sep 2019",Winrock International-Hamro Samman,https://www.jobsnepal.com/employer/winrock-international-hamro-samman/8360
2,डोटेली कलाकारहरुको आवश्यकता,https://www.jobsnepal.com/job/equal-access/115612,Please check vacancy details.,Lalitpur,,"Sun, 08 Sep 2019",Equal Access,https://www.jobsnepal.com/employer/equal-access/1157
3,Warehouse Manager/ Assistant Manager/ Warehouse Supervisor,https://www.jobsnepal.com/job/warehouse-manager-assistant-manager-warehouse-supervisor/115611,Please check vacancy details.,Kumaripati/ Newroad,,"Wed, 02 Oct 2019",Galaxy Incorporation,https://www.jobsnepal.com/employer/galaxy-incorporation/11692
4,Department In-charge,https://www.jobsnepal.com/job/department-in-charge/115610,Please check vacancy details.,Kumaripati/ Newroad,,"Wed, 02 Oct 2019",Galaxy Incorporation,https://www.jobsnepal.com/employer/galaxy-incorporation/11692
5,Finance Associate,https://www.jobsnepal.com/job/finance-associate/115605,2+ years,Kathmandu,Graduate (Bachelors),"Tue, 10 Sep 2019",ANSAB,https://www.jobsnepal.com/employer/ansab/1860
6,Veterinary Officer,https://www.jobsnepal.com/job/veterinary-officer/115604,Please check vacancy details.,Dhading and Gorkha Districts,,"Wed, 18 Sep 2019",Donkey Sanctuary & Brooke,https://www.jobsnepal.com/employer/donkey-sanctuary-brooke/11498
7,Request for Quotation,https://www.jobsnepal.com/job/request-for-quotation/115603,N/A,Kathmandu,Please check details below.,"Sun, 08 Sep 2019",S.W. Nepal Pvt. Ltd.,https://www.jobsnepal.com/employer/s-w-nepal-pvt-ltd/10018
8,Software Engineer (AI Specialist),https://www.jobsnepal.com/job/software-engineer-ai-specialist/115602,1+ years,Lalitpur,Bachelors in Computer Science,"Thu, 03 Oct 2019",Bent Ray Technologies,https://www.jobsnepal.com/employer/bent-ray-technologies/6360
9,ASP.NET Programmer,https://www.jobsnepal.com/job/asp-net-programmer/115601,1+ years,Lalitpur,Bachelors in Computer Science,"Thu, 03 Oct 2019",Bent Ray Technologies,https://www.jobsnepal.com/employer/bent-ray-technologies/6360
10,iOS Developers,https://www.jobsnepal.com/job/ios-developers/115600,3+ years,Kathmandu,Graduate (Bachelors),"Thu, 03 Oct 2019",SmartMobe Solutions Pvt. Ltd.,https://www.jobsnepal.com/employer/smartmobe-solutions-pvt-ltd/8070
11,Sr. PHP Programmer,https://www.jobsnepal.com/job/sr-php-programmer/115599,1+ years,Lalitpur,Bachelors in Computer Science,"Wed, 02 Oct 2019",Bent Ray Technologies,https://www.jobsnepal.com/employer/bent-ray-technologies/6360
12,Sales Associates/ Cashier,https://www.jobsnepal.com/job/sales-associates-cashier/115607,1+ years,Kumaripati/ Newroad,Graduate (Bachelors),"Wed, 02 Oct 2019",Galaxy Incorporation,https://www.jobsnepal.com/employer/galaxy-incorporation/11692
13,Retail Store Manager/ Asst. Manager,https://www.jobsnepal.com/job/retail-store-manager-asst-manager/115608,2+ years,Kumaripati/ Newroad,Graduate (Bachelors),"Wed, 02 Oct 2019",Galaxy Incorporation,https://www.jobsnepal.com/employer/galaxy-incorporation/11692
14,Senior QA Analyst,https://www.jobsnepal.com/job/senior-qa-analyst/115598,2+ years,Kathmandu,B.E. in Computer Science,"Mon, 30 Sep 2019",Synergy Info Systems (SIS),https://www.jobsnepal.com/employer/synergy-info-systems-sis/1303
15,Implementation Coordinator,https://www.jobsnepal.com/job/implementation-coordinator/115597,3+ years,Gandaki Province,M.P.H. (Masters in Public Health),"Sun, 15 Sep 2019",TPO Nepal,https://www.jobsnepal.com/employer/tpo-nepal/1854
16,Health Systems Strengthening Advisor (Senior Technical Advisor 1),https://www.jobsnepal.com/job/health-systems-strengthening-advisor-senior-technical-advisor-1/115596,6+ years,Lalitpur,M.P.H. (Masters in Public Health),"Mon, 16 Sep 2019",RTI International,https://www.jobsnepal.com/employer/rti-international/7155
17,Backend and Frontend Developer PHP Requirement,https://www.jobsnepal.com/job/backend-and-frontend-developer-php-requirement/115595,2+ years,Kathmandu,,"Tue, 01 Oct 2019",T,https://www.jobsnepal.com/employer/t/11691
18,वरिष्ठ सहायक,https://www.jobsnepal.com/job/rastra-utthan-laghubitta-bittiya-sanstha-limited/115594,Please check vacancy details.,Kavreplanchwok,,"Thu, 12 Sep 2019",RASTRA UTTHAN LAGHUBITTA BITTIYA SANSTHA LIMITED,https://www.jobsnepal.com/employer/rastra-utthan-laghubitta-bittiya-sanstha-limited/11689
19,PHP Developer,https://www.jobsnepal.com/job/php-developer/115591,2+ years,Kathmandu,,"Tue, 01 Oct 2019",Smart Solutions,https://www.jobsnepal.com/employer/smart-solutions/2936
20,Manager/Marketing and Public Relation Officer/Assistant Officer – Business development/Account ass,https://www.jobsnepal.com/job/manager-marketing-and-public-relation-officer-assistant-officer-business-development-account-ass/115590,Please check vacancy details.,Kathmandu,,"Sun, 15 Sep 2019",Needs Nepal,https://www.jobsnepal.com/employer/needs-nepal/11352
21,सिलबन्दी बोलपत्र आव्हानको सुचना,https://www.jobsnepal.com/job/bagmati-welfare-society-nepal-bwsn/115589,Please check vacancy details.,Sarlahi,,"Sun, 08 Sep 2019",Bagmati Welfare Society Nepal(BWSN),https://www.jobsnepal.com/employer/bagmati-welfare-society-nepal-bwsn/7893
22,Financial Analyst - Corporate Advisory,https://www.jobsnepal.com/job/financial-analyst-corporate-advisory/115592,1+ years,Kathmandu,BBA / BBM,"Mon, 30 Sep 2019",AD Capital Group,https://www.jobsnepal.com/employer/ad-capital-group/11571
23,Teller Cum Customer Service,https://www.jobsnepal.com/job/teller-cum-customer-service/115588,Open,Kathmandu,Secondary,"Mon, 30 Sep 2019",Synergy Saving & Credit Cooperative,https://www.jobsnepal.com/employer/synergy-saving-credit-cooperative/9665
24,Project Manager,https://www.jobsnepal.com/job/project-manager/115587,3+ years,Kathmandu,B.E. in Computer Science,"Tue, 01 Oct 2019",Palm Mind IT Consultancy,https://www.jobsnepal.com/employer/palm-mind-it-consultancy/11687
25,PHP/ANDROID Developers,https://www.jobsnepal.com/job/php-android-developers/115586,1+ years,Kathmandu,Bachelors in Computer Science,"Fri, 20 Sep 2019",Milestone Software Pvt.Ltd,https://www.jobsnepal.com/employer/milestone-software-pvt-ltd/3207
26,IT Officer,https://www.jobsnepal.com/job/it-officer/115585,Open,"Tulsipur, Dang",BCA / BCIS,"Mon, 30 Sep 2019","Mid-west Academy and Research Institute, Campus of Live Sciences",https://www.jobsnepal.com/employer/mid-west-academy-and-research-institute-campus-of-live-sciences/11688
27,Agro-Farm Manager,https://www.jobsnepal.com/job/agro-farm-manager/115584,Open,"Tulsipur, Dang",JT / JTA,"Mon, 30 Sep 2019","Mid-west Academy and Research Institute, Campus of Live Sciences",https://www.jobsnepal.com/employer/mid-west-academy-and-research-institute-campus-of-live-sciences/11688
28,Assistant Campus Chief,https://www.jobsnepal.com/job/assistant-campus-chief/115583,5+ years,"Tulsipur, Dang",Msc. Agriculture,"Mon, 30 Sep 2019","Mid-west Academy and Research Institute, Campus of Live Sciences",https://www.jobsnepal.com/employer/mid-west-academy-and-research-institute-campus-of-live-sciences/11688
29,Private Sector Engagement (PSE) expert,https://www.jobsnepal.com/job/private-sector-engagement-pse-expert/115582,10+ years,Lalitpur,,"Sun, 15 Sep 2019",SNV Nepal,https://www.jobsnepal.com/employer/snv-nepal/10435
30,Admin & Finance Assistant,https://www.jobsnepal.com/job/admin-finance-assistant/115578,2+ years,Pokhara,,"Tue, 01 Oct 2019",Pokhara Trade Mall & Housing Pvt.Ltd.,https://www.jobsnepal.com/employer/pokhara-trade-mall-housing-pvt-ltd/11685
31,Senior Technical Specialist,https://www.jobsnepal.com/job/senior-technical-specialist/115579,Please check vacancy details.,Kathmandu,,"Wed, 11 Sep 2019",FHI 360 Nepal,https://www.jobsnepal.com/employer/fhi-360-nepal/299
32,Invitation For Bids,https://www.jobsnepal.com/job/invitation-for-bids/115580,Please check vacancy details.,Lalitpur,,"Wed, 04 Sep 2019",Restless Development,https://www.jobsnepal.com/employer/restless-development/6502
33,Sr.Software Engineers,https://www.jobsnepal.com/job/sr-software-engineers/115577,4+ years,Lalitpur,,"Sun, 29 Sep 2019",Ambarkaar Software Pvt. Ltd.,https://www.jobsnepal.com/employer/ambarkaar-software-pvt-ltd/9372
34,Commi Chefs,https://www.jobsnepal.com/job/commi-chefs/115576,2+ years,Lalitpur,Graduate (Bachelors),"Sun, 29 Sep 2019",The Vesper Cafe & Restaurant P. Ltd.,https://www.jobsnepal.com/employer/the-vesper-cafe-restaurant-p-ltd/8102
35,Consultancy Opportunity,https://www.jobsnepal.com/job/consultancy-opportunity/115575,Please check vacancy details.,Kathmandu,,"Thu, 05 Sep 2019",Handicap International,https://www.jobsnepal.com/employer/handicap-international/11119
36,Finance Assistant,https://www.jobsnepal.com/job/finance-assistant/115574,2+ years,Lalitpur,,"Sun, 08 Sep 2019","CRS, Nepal",https://www.jobsnepal.com/employer/crs-nepal/9112
37,Consultancy for preparing video documentary on forum theatre on flash flood response project,https://www.jobsnepal.com/job/consultancy-for-preparing-video-documentary-on-forum-theatre-on-flash-flood-response-project/115581,Please check details below.,Lalitpur,Please check details below.,"Fri, 06 Sep 2019",Oxfam in Nepal,https://www.jobsnepal.com/employer/oxfam-in-nepal/7963
38,Front Office Associate,https://www.jobsnepal.com/job/front-office-associate/115571,2+ years,Kathmandu,,"Fri, 13 Sep 2019",DAI,https://www.jobsnepal.com/employer/dai/9362
39,Law and Policy Specialist,https://www.jobsnepal.com/job/law-and-policy-specialist/115572,Please check vacancy details.,Kathmandu,,"Fri, 13 Sep 2019",DAI,https://www.jobsnepal.com/employer/dai/9362
40,Organizational Development Specialist,https://www.jobsnepal.com/job/organizational-development-specialist/115573,8+ years,Kathmandu,,"Fri, 13 Sep 2019",DAI,https://www.jobsnepal.com/employer/dai/9362
41,Request for sealed quotation,https://www.jobsnepal.com/job/request-for-sealed-quotation/115569,Please check vacancy details.,Kathmandu,,"Fri, 13 Sep 2019",One Heart Worldwide,https://www.jobsnepal.com/employer/one-heart-worldwide/7889
42,Control Room Officer,https://www.jobsnepal.com/job/control-room-officer/115570,2+ years,Lalitpur,,"Thu, 12 Sep 2019",GEMS School,https://www.jobsnepal.com/employer/gems-school/8398
43,Expression of Interest,https://www.jobsnepal.com/job/expression-of-interest/115567,Please check vacancy details.,Lalitpur,,"Thu, 05 Sep 2019",Good Neighbors Japan,https://www.jobsnepal.com/employer/good-neighbors-japan/10155
44,Consultancy Service For UPR Submission Report,https://www.jobsnepal.com/job/consultancy-service-for-upr-submission-report/115566,Please check vacancy details.,Kathmandu,,"Tue, 10 Sep 2019",Nepal National Dalit Social Welfare Organization (NNDSWO),https://www.jobsnepal.com/employer/nepal-national-dalit-social-welfare-organization-nndswo/10514
45,Program and Documentation Specialist,https://www.jobsnepal.com/job/program-and-documentation-specialist/115568,3+ years,Kathmandu,,"Fri, 06 Sep 2019",FHI 360 Nepal,https://www.jobsnepal.com/employer/fhi-360-nepal/299
46,Medical Officer,https://www.jobsnepal.com/job/medical-officer/115551,Please check vacancy details.,Pokhara,,"Wed, 04 Sep 2019",International Nepal Fellowship,https://www.jobsnepal.com/employer/international-nepal-fellowship/450
47,Admin Finance Manager,https://www.jobsnepal.com/job/admin-finance-manager/115565,3+ years,Kathmandu,,"Sun, 15 Sep 2019",Nepal National Dalit Social Welfare Organization (NNDSWO),https://www.jobsnepal.com/employer/nepal-national-dalit-social-welfare-organization-nndswo/10514
48,Repair & Maintenance Coordinator,https://www.jobsnepal.com/job/repair-maintenance-coordinator/115564,3+ years,Surkhet,B.E. in Electrical,"Thu, 05 Sep 2019",Kopila Valley Sewa Samaj,https://www.jobsnepal.com/employer/kopila-valley-sewa-samaj/11683
49,SENIOR ACCOUNTANT,https://www.jobsnepal.com/job/senior-accountant/115563,Please check vacancy details.,Kathmandu,,"Tue, 10 Sep 2019",Moon Sun Travels & Tours Pvt. Ltd.,https://www.jobsnepal.com/employer/moon-sun-travels-tours-pvt-ltd/10116
50,ADMINISTRATION OFFICER,https://www.jobsnepal.com/job/administration-officer/115562,1+ years,Kathmandu,,"Tue, 10 Sep 2019",Moon Sun Travels & Tours Pvt. Ltd.,https://www.jobsnepal.com/employer/moon-sun-travels-tours-pvt-ltd/10116
51,SALES & MARKETING OFFICER,https://www.jobsnepal.com/job/sales-marketing-officer/115561,Please check vacancy details.,Kathmandu,Bachelors in Travel / Tourism Mgmt. (BTTM),"Tue, 10 Sep 2019",Moon Sun Travels & Tours Pvt. Ltd.,https://www.jobsnepal.com/employer/moon-sun-travels-tours-pvt-ltd/10116
52,"PHP, IOS and Android Developer (URGENTLY REQUIRED)",https://www.jobsnepal.com/job/php-ios-and-android-developer-urgently-required/115560,1+ years,Kathmandu,Graduate (Bachelors),"Sun, 15 Sep 2019",UNIGLOBE SOLUTIONS,https://www.jobsnepal.com/employer/uniglobe-solutions/10537
53,Waiter/Senior Cook (Overall)/Receptionist,https://www.jobsnepal.com/job/waiter-senior-cook-overall-receptionist/115559,Please check vacancy details.,"Dhading, Baireni",,"Sat, 07 Sep 2019",Trishuli Beach Resort,https://www.jobsnepal.com/employer/trishuli-beach-resort/11466
54,District Coordinator,https://www.jobsnepal.com/job/district-coordinator/115558,2+ years,Lalitpur,,"Wed, 04 Sep 2019",Aasaman Nepal,https://www.jobsnepal.com/employer/aasaman-nepal/8171
55,Request for proposals,https://www.jobsnepal.com/job/request-for-proposals/115557,Please check vacancy details.,Lalitpur,,"Wed, 11 Sep 2019",Institute for Social and Environmental Transition-Nepal,https://www.jobsnepal.com/employer/institute-for-social-and-environmental-transition-nepal/11201
56,Documentation of Livelihood and WASH Earthquake Recovery Project,https://www.jobsnepal.com/job/documentation-of-livelihood-and-wash-earthquake-recovery-project/115556,Please check vacancy details.,Sindhupalchwok,,"Fri, 06 Sep 2019",Janahit Gramin Sewa Samittee,https://www.jobsnepal.com/employer/janahit-gramin-sewa-samittee/8940
57,Field Supervisor,https://www.jobsnepal.com/job/field-supervisor/115555,Please check vacancy details.,Kathmandu,,"Sat, 07 Sep 2019",Rolling Plans Pvt Ltd,https://www.jobsnepal.com/employer/rolling-plans-pvt-ltd/2482
58,PROJECT OFFICER (M&E and GESI),https://www.jobsnepal.com/job/project-officer-m-e-and-gesi/115554,Please check vacancy details.,Kathmandu,,"Sat, 07 Sep 2019",PRACTICAL ACTION,https://www.jobsnepal.com/employer/practical-action/467
59,AWS Developer,https://www.jobsnepal.com/job/aws-developer/115553,4+ years,Lalitpur,B.E. in Computer Science,"Fri, 27 Sep 2019",HLE Nepal,https://www.jobsnepal.com/employer/hle-nepal/11452
60,Front End Developer,https://www.jobsnepal.com/job/front-end-developer/115552,2+ years,Lalitpur,B.E. in Computer Science,"Sat, 07 Sep 2019",Tekvortex Pvt. Ltd.,https://www.jobsnepal.com/employer/tekvortex-pvt-ltd/7600
61,Volunteer Team Leaders,https://www.jobsnepal.com/job/volunteer-team-leaders/115550,Please check vacancy details.,Lalitpur,,"Sun, 08 Sep 2019",Restless Development,https://www.jobsnepal.com/employer/restless-development/6502
62,Project Coordinator ( For Lalitpur),https://www.jobsnepal.com/job/project-coordinator-for-lalitpur/115548,3+ years,Lalitpur,,"Thu, 05 Sep 2019",Prerana,https://www.jobsnepal.com/employer/prerana/8309
63,Project Coordinator (For Sarlahi),https://www.jobsnepal.com/job/project-coordinator-for-sarlahi/115547,Please check details below.,Sarlahi,,"Tue, 10 Sep 2019",Prerana,https://www.jobsnepal.com/employer/prerana/8309
64,SEO Expert,https://www.jobsnepal.com/job/seo-expert/115546,Please check vacancy details.,Kathmandu,,"Thu, 26 Sep 2019",VIS Nepal,https://www.jobsnepal.com/employer/vis-nepal/6759
65,Financial Controller Nepal,https://www.jobsnepal.com/job/financial-controller-nepal/115545,Please check vacancy details.,Kathmandu,,"Mon, 09 Sep 2019",British Council,https://www.jobsnepal.com/employer/british-council/451
66,CA/Sr. Account Manager,https://www.jobsnepal.com/job/ca-sr-account-manager/115543,5+ years,Kathmandu,,"Thu, 26 Sep 2019",music nepal,https://www.jobsnepal.com/employer/music-nepal/2258
67,.NET Developer,https://www.jobsnepal.com/job/net-developer/115542,Please check vacancy details.,Lalitpur,,"Thu, 26 Sep 2019",Raindrop Inc,https://www.jobsnepal.com/employer/raindrop-inc/11357
68,Accountant,https://www.jobsnepal.com/job/accountant/115541,Please check vacancy details.,Lalitpur,,"Thu, 26 Sep 2019",Raindrop Inc,https://www.jobsnepal.com/employer/raindrop-inc/11357
69,Financial and Policy Advisor - Team Leader,https://www.jobsnepal.com/job/financial-and-policy-advisor-team-leader/115540,5+ years,Dhangadi,Please check details below.,"Sun, 08 Sep 2019",SNV Nepal,https://www.jobsnepal.com/employer/snv-nepal/10435
70,Front-end Developer,https://www.jobsnepal.com/job/front-end-developer/115538,1+ years,Kathmandu,,"Wed, 25 Sep 2019",Branding Bee Pvt. Ltd.,https://www.jobsnepal.com/employer/branding-bee-pvt-ltd/11678
71,Snr. WordPress Engineer,https://www.jobsnepal.com/job/snr-wordpress-engineer/115536,5+ years,Kathmandu,Bachelors in Computer Science,"Wed, 25 Sep 2019",Global Digital,https://www.jobsnepal.com/employer/global-digital/8066
72,Consultancy for Setting up Monitoring and Evaluation System,https://www.jobsnepal.com/job/consultancy-for-setting-up-monitoring-and-evaluation-system/115535,Please check vacancy details.,Kathmandu,,"Thu, 05 Sep 2019",Asha Nepal,https://www.jobsnepal.com/employer/asha-nepal/11677
73,Senior DevOps with K8s Experience.,https://www.jobsnepal.com/job/senior-devops-with-k8s-experience/115534,4+ years,Kathmandu,Bachelors in Engineering,"Wed, 25 Sep 2019",NepalLink,https://www.jobsnepal.com/employer/nepallink/1475
74,UI/UX Developer / Frontend Developer,https://www.jobsnepal.com/job/ui-ux-developer-frontend-developer/115539,1+ years,Lalitpur,Bachelors in Computer Science,"Wed, 25 Sep 2019",Orgware Construct Pvt Ltd,https://www.jobsnepal.com/employer/orgware-construct-pvt-ltd/10009
75,"Knowledge Management, Monitoring and Evaluation Expert /Gender and Inclusive Governance Expert",https://www.jobsnepal.com/job/knowledge-management-monitoring-and-evaluation-expert-gender-and-inclusive-governance-expert/115537,Please check vacancy details.,"Kailali, Doti, Kathmandu",,"Tue, 03 Sep 2019",JuRI-Nepal,https://www.jobsnepal.com/employer/juri-nepal/11675
76,Marketing Assistant,https://www.jobsnepal.com/job/marketing-assistant/115533,Please check vacancy details.,Kathmandu,,"Tue, 24 Sep 2019",Nepal Sustainable Travel,https://www.jobsnepal.com/employer/nepal-sustainable-travel/10751
77,"Chief of Party, Karnali Water Security Activity (KAWAS)",https://www.jobsnepal.com/job/chief-of-party-karnali-water-security-activity-kawas/115531,Please check vacancy details.,Lalitpur,,"Sun, 22 Sep 2019",SNV Nepal,https://www.jobsnepal.com/employer/snv-nepal/10435
78,Project Coordinator/Admin and Finance Officer,https://www.jobsnepal.com/job/project-coordinator-admin-and-finance-officer/115530,Please check vacancy details.,Lalitpur,,"Tue, 03 Sep 2019",Grow Nepal Social Enterprise Private Limited,https://www.jobsnepal.com/employer/grow-nepal-social-enterprise-private-limited/11467
79,Front Desk Officer,https://www.jobsnepal.com/job/front-desk-officer/115529,1+ years,Kathmandu,Intermediate (10+2),"Sun, 22 Sep 2019",music nepal,https://www.jobsnepal.com/employer/music-nepal/2258
80,Junior Accountant,https://www.jobsnepal.com/job/junior-accountant/115528,1+ years,"Sukedhara, Kathmandu",Graduate (Bachelors),"Sat, 14 Sep 2019",JobsNepal.com Direct Recruitment Service,https://www.jobsnepal.com/employer/jobsnepal-com-direct-recruitment-service/355
81,Video Editor,https://www.jobsnepal.com/job/video-editor/115527,2+ years,Kathmandu,Graduate (Bachelors),"Sun, 22 Sep 2019",Riya Advertising,https://www.jobsnepal.com/employer/riya-advertising/10558
82,Passionate GoLang and C/C++ Engineer,https://www.jobsnepal.com/job/passionate-golang-and-c-c-engineer/115526,2+ years,Lalitpur,Graduate (Bachelors),"Sun, 22 Sep 2019",BerryBytes,https://www.jobsnepal.com/employer/berrybytes/11604
83,Office Executive Cum Accountant,https://www.jobsnepal.com/job/office-executive-cum-accountant/115525,3+ years,Kathmandu,BBA / BBM,"Sun, 15 Sep 2019",JobsNepal.com Direct Recruitment Service,https://www.jobsnepal.com/employer/jobsnepal-com-direct-recruitment-service/355
84,HR Assistant,https://www.jobsnepal.com/job/hr-assistant/115524,1+ years,Lalitpur,Graduate (Bachelors),"Tue, 10 Sep 2019",JobsNepal.com Direct Recruitment Service,https://www.jobsnepal.com/employer/jobsnepal-com-direct-recruitment-service/355
85,SEO Expert,https://www.jobsnepal.com/job/seo-expert/115523,Please check vacancy details.,Kathmandu,,"Sun, 22 Sep 2019",VIS Nepal,https://www.jobsnepal.com/employer/vis-nepal/6759
86,Tour Officer,https://www.jobsnepal.com/job/tour-officer/115522,2+ years,Kathmandu,,"Sat, 21 Sep 2019",Dharma Adventures,https://www.jobsnepal.com/employer/dharma-adventures/1141
87,Receptionist/Front Desk Officer,https://www.jobsnepal.com/job/receptionist-front-desk-officer/115521,1+ years,Kathmandu,,"Fri, 20 Sep 2019",JobsNepal.com Direct Recruitment Service,https://www.jobsnepal.com/employer/jobsnepal-com-direct-recruitment-service/355
88,Sales & Marketing Officer,https://www.jobsnepal.com/job/sales-marketing-officer/115520,1+ years,Lalitpur And Kathmandu,Graduate (Bachelors),"Fri, 20 Sep 2019",JobsNepal.com Direct Recruitment Service,https://www.jobsnepal.com/employer/jobsnepal-com-direct-recruitment-service/355
89,Accountant,https://www.jobsnepal.com/job/accountant/115518,1+ years,Various locations Inside Valley,,"Fri, 20 Sep 2019",JobsNepal.com Direct Recruitment Service,https://www.jobsnepal.com/employer/jobsnepal-com-direct-recruitment-service/355
90,Front Desk/ Secretarial,https://www.jobsnepal.com/job/front-desk-secretarial/115517,1+ years,Kathmandu,Intermediate (10+2),"Sun, 22 Sep 2019",Gateway Payment Services Pvt. Ltd,https://www.jobsnepal.com/employer/gateway-payment-services-pvt-ltd/11671
91,Accountant and Administration,https://www.jobsnepal.com/job/accountant-and-administration/115516,1+ years,Kathmandu,BBA / BBM,"Sun, 22 Sep 2019",Gateway Payment Services Pvt. Ltd,https://www.jobsnepal.com/employer/gateway-payment-services-pvt-ltd/11671
92,Sales Manager,https://www.jobsnepal.com/job/sales-manager/115515,3+ years,Kathmandu,,"Sat, 21 Sep 2019",Ibestjob Pvt Ltd,https://www.jobsnepal.com/employer/ibestjob-pvt-ltd/11487
93,Marketing Officer,https://www.jobsnepal.com/job/marketing-officer/115514,1+ years,Kathmandu,BBA / BBM,"Sun, 22 Sep 2019",Gateway Payment Services Pvt. Ltd,https://www.jobsnepal.com/employer/gateway-payment-services-pvt-ltd/11671
94,DataBase Engineer- Trainee,https://www.jobsnepal.com/job/database-engineer-trainee/115513,Fresh Graduate,Lalitpur,,"Sat, 21 Sep 2019",Sage Nepal Private Limited,https://www.jobsnepal.com/employer/sage-nepal-private-limited/11668
95,DataBase Engineer- Associate,https://www.jobsnepal.com/job/database-engineer-associate/115512,1+ years,Lalitpur,,"Sat, 21 Sep 2019",Sage Nepal Private Limited,https://www.jobsnepal.com/employer/sage-nepal-private-limited/11668
96,Sr. Laravel Developer,https://www.jobsnepal.com/job/sr-laravel-developer/115509,2+ years,Lalitpur,B.E. in Computer Science,"Sat, 21 Sep 2019",Innology Solution Pvt. Ltd.,https://www.jobsnepal.com/employer/innology-solution-pvt-ltd/11340
97,HR Assistant/ Office Administrator,https://www.jobsnepal.com/job/hr-assistant-office-administrator/115508,Please check vacancy details.,Kathmandu,,"Sat, 21 Sep 2019",Smart Solutions,https://www.jobsnepal.com/employer/smart-solutions/2936
98,Mid/Senior PHP Developer,https://www.jobsnepal.com/job/mid-senior-php-developer/115507,3+ years,Kathmandu,,"Sat, 21 Sep 2019",ThemeGrill Pvt Ltd,https://www.jobsnepal.com/employer/themegrill-pvt-ltd/8542
99,Mathematics Teacher,https://www.jobsnepal.com/job/mathematics-teacher/115511,Please check vacancy details.,Kathmandu,,"Sat, 21 Sep 2019",Prime college,https://www.jobsnepal.com/employer/prime-college/8269
100,WordPress Expert,https://www.jobsnepal.com/job/wordpress-expert/115506,Please check vacancy details.,Kathmandu,,"Thu, 19 Sep 2019",VIS Nepal,https://www.jobsnepal.com/employer/vis-nepal/6759
101,Scanning/DataEntry & File Management Operator,https://www.jobsnepal.com/job/scanning-dataentry-file-management-operator/115505,Fresh Graduate,Chitwan,SLC / TSLC,"Fri, 20 Sep 2019",Nyatapol Technologies Pvt Ltd,https://www.jobsnepal.com/employer/nyatapol-technologies-pvt-ltd/4698
102,Network Administrator,https://www.jobsnepal.com/job/network-administrator/115504,2+ years,Lalitpur,Graduate (Bachelors),"Fri, 06 Sep 2019",GEMS School,https://www.jobsnepal.com/employer/gems-school/8398
103,Recruitment Specialist,https://www.jobsnepal.com/job/recruitment-specialist/115503,2+ years,Lalitpur,BBA / BBM,"Sun, 15 Sep 2019",HLE Nepal,https://www.jobsnepal.com/employer/hle-nepal/11452
104,Loan Processing Specialist,https://www.jobsnepal.com/job/loan-processing-specialist/115502,Please check vacancy details.,Lalitpur,Graduate (Bachelors),"Sun, 15 Sep 2019",HLE Nepal,https://www.jobsnepal.com/employer/hle-nepal/11452
105,HR Assistant,https://www.jobsnepal.com/job/hr-assistant/115501,1+ years,Lalitpur,B. Com./BBS,"Sun, 15 Sep 2019",HLE Nepal,https://www.jobsnepal.com/employer/hle-nepal/11452
106,Business Analyst,https://www.jobsnepal.com/job/business-analyst/115500,3+ years,Lalitpur,B.E. in Computer Science,"Sun, 15 Sep 2019",HLE Nepal,https://www.jobsnepal.com/employer/hle-nepal/11452
107,Assistant - Ticketing Executive,https://www.jobsnepal.com/job/assistant-ticketing-executive/115497,1+ years,Kathmandu,Bachelors in Travel / Tourism Mgmt. (BTTM),"Thu, 19 Sep 2019",Dharma Adventures,https://www.jobsnepal.com/employer/dharma-adventures/1141
108,QA Engineer,https://www.jobsnepal.com/job/qa-engineer/115496,3+ years,Kathmandu,,"Thu, 19 Sep 2019",F1Soft International Pvt Ltd.,https://www.jobsnepal.com/employer/f1soft-international-pvt-ltd/7866
109,Associate QA Engineer,https://www.jobsnepal.com/job/associate-qa-engineer/115495,Please check vacancy details.,Kathmandu,,"Thu, 19 Sep 2019",F1Soft International Pvt Ltd.,https://www.jobsnepal.com/employer/f1soft-international-pvt-ltd/7866
110,Laravel Developer Trainee,https://www.jobsnepal.com/job/laravel-developer-trainee/115493,Fresh Graduate,Lalitpur,B.E. in Computer Science,"Sun, 15 Sep 2019",Build Change,https://www.jobsnepal.com/employer/build-change/9055
111,WordPress Developer,https://www.jobsnepal.com/job/wordpress-developer/115491,2+ years,Kathmandu,Bachelors in Computer Science,"Thu, 19 Sep 2019",Tekkon Technologies,https://www.jobsnepal.com/employer/tekkon-technologies/10859
112,Program Associate,https://www.jobsnepal.com/job/program-associate/115485,2+ years,Kathmandu,,"Wed, 18 Sep 2019",Think Aloud,https://www.jobsnepal.com/employer/think-aloud/11617
113,Marketing Executives,https://www.jobsnepal.com/job/marketing-executives/115482,1+ years,Kathmandu,Graduate (Bachelors),"Tue, 10 Sep 2019",JobsNepal.com Direct Recruitment Service,https://www.jobsnepal.com/employer/jobsnepal-com-direct-recruitment-service/355
114,Account Officer,https://www.jobsnepal.com/job/account-officer/115478,1+ years,Lalitpur,BBA / BBM,"Tue, 10 Sep 2019",JobsNepal.com Direct Recruitment Service,https://www.jobsnepal.com/employer/jobsnepal-com-direct-recruitment-service/355
115,Marketing Officer,https://www.jobsnepal.com/job/marketing-officer/115476,2+ years,Kathmandu,BBA / BBM,"Tue, 17 Sep 2019",Cherry World Communication Pvt Ltd,https://www.jobsnepal.com/employer/cherry-world-communication-pvt-ltd/11662
116,Software Engineer (Dot Net Core) Senior /  Junior,https://www.jobsnepal.com/job/software-engineer-dot-net-core-senior-junior/115475,3+ years,Kathmandu,Bachelors in Computer Science,"Tue, 10 Sep 2019",Help Inc,https://www.jobsnepal.com/employer/help-inc/11503
117,Software Quality Analyst,https://www.jobsnepal.com/job/software-quality-analyst/115469,2+ years,Lalitpur,B.E. in Computer Science,"Mon, 16 Sep 2019",Tekvortex Pvt. Ltd.,https://www.jobsnepal.com/employer/tekvortex-pvt-ltd/7600
118,ASP.Net Core Developer,https://www.jobsnepal.com/job/asp-net-core-developer/115465,4+ years,Lalitpur,B.E. in Computer Science,"Sun, 15 Sep 2019",UBA Solutions Pvt. Ltd.,https://www.jobsnepal.com/employer/uba-solutions-pvt-ltd/2630
119,Software Engineering,https://www.jobsnepal.com/job/software-engineering/115463,2+ years,Lalitpur,,"Sun, 15 Sep 2019",Ambarkaar Software Pvt. Ltd.,https://www.jobsnepal.com/employer/ambarkaar-software-pvt-ltd/9372
120,Team Lead - Senior .Net Developer,https://www.jobsnepal.com/job/team-lead-senior-net-developer/115462,Please check details below.,Kathmandu,Please check details below.,"Sun, 15 Sep 2019",Verisk Nepal Pvt. Ltd.,https://www.jobsnepal.com/employer/verisk-nepal-pvt-ltd/9531
121,Mid Level Java Developer,https://www.jobsnepal.com/job/mid-level-java-developer/115461,2+ years,Kathmandu,Please check details below.,"Sun, 15 Sep 2019",Verisk Nepal Pvt. Ltd.,https://www.jobsnepal.com/employer/verisk-nepal-pvt-ltd/9531
122,UX/UI Designer,https://www.jobsnepal.com/job/ux-ui-designer/115458,2+ years,Kathmandu,B.E. in Computer Science,"Sat, 14 Sep 2019",NAXA,https://www.jobsnepal.com/employer/naxa/9898
123,UI/UX Designer,https://www.jobsnepal.com/job/ui-ux-designer/115456,Please check vacancy details.,Lalitpur,,"Sat, 14 Sep 2019",LIS Nepal Pvt. Ltd. (Sister Concern of Yomari Group of Companies),https://www.jobsnepal.com/employer/lis-nepal-pvt-ltd-sister-concern-of-yomari-group-of-companies/8922
124,Architect/Civil Engineer,https://www.jobsnepal.com/job/architect-civil-engineer/115455,Please check vacancy details.,Kathmandu,,"Sat, 14 Sep 2019",ND engineering Consultancy Pvt. Ltd.,https://www.jobsnepal.com/employer/nd-engineering-consultancy-pvt-ltd/10719
125,Software QA Expert,https://www.jobsnepal.com/job/software-qa-expert/115453,2+ years,Kathmandu,B.E. in Computer Science,"Fri, 13 Sep 2019",Shangrila Microsystem Pvt.Ltd.,https://www.jobsnepal.com/employer/shangrila-microsystem-pvt-ltd/5206
126,System/Network Support Engineer,https://www.jobsnepal.com/job/system-network-support-engineer/115451,3+ years,Kathmandu,B.E. in Computer Science,"Fri, 13 Sep 2019",Shangrila Microsystem Pvt.Ltd.,https://www.jobsnepal.com/employer/shangrila-microsystem-pvt-ltd/5206
127,iOSDeveloper,https://www.jobsnepal.com/job/iosdeveloper/115447,Please check details below.,Kathmandu,Graduate (Bachelors),"Fri, 13 Sep 2019",Shiran Technologies,https://www.jobsnepal.com/employer/shiran-technologies/7662
128,UI/UX Designer,https://www.jobsnepal.com/job/ui-ux-designer/115445,2+ years,Kathmandu,B.E. in Computer Science,"Fri, 13 Sep 2019",Shangrila Microsystem Pvt.Ltd.,https://www.jobsnepal.com/employer/shangrila-microsystem-pvt-ltd/5206
129,Mid J2EE / Java Developer,https://www.jobsnepal.com/job/mid-j2ee-java-developer/115441,Please check details below.,Kathmandu,BIT / BIM(S),"Fri, 13 Sep 2019",IGC Technology Pvt. Ltd.,https://www.jobsnepal.com/employer/igc-technology-pvt-ltd/11052
130,Documentation Expert,https://www.jobsnepal.com/job/documentation-expert/115438,3+ years,Kathmandu,MBA / MBM,"Fri, 13 Sep 2019",Shangrila Microsystem Pvt.Ltd.,https://www.jobsnepal.com/employer/shangrila-microsystem-pvt-ltd/5206
131,Software Engineer (.Net),https://www.jobsnepal.com/job/software-engineer-net/115437,2+ years,Kathmandu,Bachelors in Computer Science,"Fri, 13 Sep 2019",Shangrila Microsystem Pvt.Ltd.,https://www.jobsnepal.com/employer/shangrila-microsystem-pvt-ltd/5206
132,Software Architect,https://www.jobsnepal.com/job/software-architect/115436,4+ years,Kathmandu,Bachelors in Computer Science,"Thu, 12 Sep 2019",Tekkon Technologies,https://www.jobsnepal.com/employer/tekkon-technologies/10859
133,Communications and Knowledge Management Specialist Consultant,https://www.jobsnepal.com/job/communications-and-knowledge-management-specialist-consultant/115433,Please check vacancy details.,Kathmandu,,"Thu, 12 Sep 2019",CAMRIS International,https://www.jobsnepal.com/employer/camris-international/9296
134,Administrator,https://www.jobsnepal.com/job/administrator/115416,Fresh Graduate,Lalitpur,BBA / BBM,"Wed, 11 Sep 2019",VA Group,https://www.jobsnepal.com/employer/va-group/9975
135,Android Developer / Paid Interns,https://www.jobsnepal.com/job/android-developer-paid-interns/115415,Fresh Graduate,Kathmandu,Please check details below.,"Wed, 11 Sep 2019",IT@Himalaya Pvt. Ltd.,https://www.jobsnepal.com/employer/it-himalaya-pvt-ltd/887
136,UI/UX Designer,https://www.jobsnepal.com/job/ui-ux-designer/115403,1+ years,Kathmandu,,"Tue, 10 Sep 2019",Inficare Pvt Ltd,https://www.jobsnepal.com/employer/inficare-pvt-ltd/2011
137,Sr. VUE JS Developer,https://www.jobsnepal.com/job/sr-vue-js-developer/115409,3+ years,Kathmandu,,"Tue, 10 Sep 2019",Shiran Technologies,https://www.jobsnepal.com/employer/shiran-technologies/7662
138,Business Analyst,https://www.jobsnepal.com/job/business-analyst/115408,2+ years,Kathmandu,Bachelors in Computer Science,"Tue, 10 Sep 2019",Cogent Healthcare Pvt Ltd,https://www.jobsnepal.com/employer/cogent-healthcare-pvt-ltd/11083
139,Staff Physician (Medical Officer),https://www.jobsnepal.com/job/staff-physician-medical-officer/115406,1+ years,Far-Western Region,MBBS,"Tue, 10 Sep 2019",Possible,https://www.jobsnepal.com/employer/possible/10948
140,Sr. Laravel Backend Developer,https://www.jobsnepal.com/job/sr-laravel-backend-developer/115405,Please check vacancy details.,Kathmandu,,"Tue, 10 Sep 2019",Shiran Technologies,https://www.jobsnepal.com/employer/shiran-technologies/7662
141,"Internship (Animation, Content Writing, Video Jockeying, Web Development)",https://www.jobsnepal.com/job/internship-animation-content-writing-video-jockeying-web-development/115404,Please check details below.,Kathmandu,Please check details below.,"Mon, 09 Sep 2019",Rillmark Pvt. Ltd.,https://www.jobsnepal.com/employer/rillmark-pvt-ltd/7932
142,Sr. QA/QC,https://www.jobsnepal.com/job/sr-qa-qc/115402,4+ years,Kathmandu,,"Tue, 10 Sep 2019",Dryice Solutions Pvt. Ltd.,https://www.jobsnepal.com/employer/dryice-solutions-pvt-ltd/8383
143,Store Sales Person,https://www.jobsnepal.com/job/store-sales-person/115400,1+ years,Kathmandu,SLC / TSLC,"Sat, 07 Sep 2019",JobsNepal.com Direct Recruitment Service,https://www.jobsnepal.com/employer/jobsnepal-com-direct-recruitment-service/355
144,Dot Net Developer-Senior,https://www.jobsnepal.com/job/dot-net-developer-senior/115399,3+ years,Kathmandu,Graduate (Bachelors),"Sun, 08 Sep 2019",Prabhavana Information Technologies Pvt. Ltd.,https://www.jobsnepal.com/employer/prabhavana-information-technologies-pvt-ltd/11659
145,Android Developer,https://www.jobsnepal.com/job/android-developer/115389,1+ years,Kathmandu,B.E. in Computer Science,"Sat, 07 Sep 2019",Inficare Pvt Ltd,https://www.jobsnepal.com/employer/inficare-pvt-ltd/2011
146,QA Automation Engineer,https://www.jobsnepal.com/job/qa-automation-engineer/115386,1+ years,Lalitpur,B.E. in Computer Science,"Sat, 07 Sep 2019",UBA Solutions Pvt. Ltd.,https://www.jobsnepal.com/employer/uba-solutions-pvt-ltd/2630
147,Software Architect,https://www.jobsnepal.com/job/software-architect/115385,10+ years,Lalitpur,B.E. in Computer Science,"Sat, 07 Sep 2019",UBA Solutions Pvt. Ltd.,https://www.jobsnepal.com/employer/uba-solutions-pvt-ltd/2630
148,Front-end Developer,https://www.jobsnepal.com/job/front-end-developer/115382,Open,Kathmandu,B.E. in Computer Science,"Sat, 07 Sep 2019",Clusus Information Solutions Pvt Ltd,https://www.jobsnepal.com/employer/clusus-information-solutions-pvt-ltd/10035
149,PHP Developer,https://www.jobsnepal.com/job/php-developer/115372,2+ years,Kathmandu,Bachelors in Computer Science,"Fri, 06 Sep 2019",Tekkon Technologies,https://www.jobsnepal.com/employer/tekkon-technologies/10859
150,C# .NET Developer,https://www.jobsnepal.com/job/c-net-developer/115371,2+ years,Lalitpur,B.E. in Computer Science,"Sat, 07 Sep 2019",Tekvortex Pvt. Ltd.,https://www.jobsnepal.com/employer/tekvortex-pvt-ltd/7600
151,Full Stack Website Developer,https://www.jobsnepal.com/job/full-stack-website-developer/115367,2+ years,Lalitpur,,"Fri, 06 Sep 2019",Pedal Group,https://www.jobsnepal.com/employer/pedal-group/11643
152,Application Support Engineer,https://www.jobsnepal.com/job/application-support-engineer/115360,1+ years,Lalitpur,B.E. in Computer Science,"Sat, 07 Sep 2019",Tekvortex Pvt. Ltd.,https://www.jobsnepal.com/employer/tekvortex-pvt-ltd/7600
153,Front Desk Sales and Service Representative (FDSR),https://www.jobsnepal.com/job/front-desk-sales-and-service-representative-fdsr/115357,2+ years,Lalitpur,BBA / BBM,"Fri, 06 Sep 2019",The Vesper House Pvt. Ltd.,https://www.jobsnepal.com/employer/the-vesper-house-pvt-ltd/7224
154,UI/UX Designer,https://www.jobsnepal.com/job/ui-ux-designer/115354,Please check details below.,Kathmandu,Please check details below.,"Fri, 06 Sep 2019",Verisk Nepal Pvt. Ltd.,https://www.jobsnepal.com/employer/verisk-nepal-pvt-ltd/9531
155,Web Designer,https://www.jobsnepal.com/job/web-designer/115346,1+ years,Kathmandu,Intermediate (10+2),"Thu, 05 Sep 2019",View9 Pvt. Ltd.,https://www.jobsnepal.com/employer/view9-pvt-ltd/7744
156,Business Development Assistant,https://www.jobsnepal.com/job/business-development-assistant/115345,Please check vacancy details.,Bank Interface,Graduate (Bachelors),"Thu, 05 Sep 2019",F1Soft International Pvt Ltd.,https://www.jobsnepal.com/employer/f1soft-international-pvt-ltd/7866
157,Data Analyst Executive,https://www.jobsnepal.com/job/data-analyst-executive/115343,Please check vacancy details.,Kathmandu,,"Thu, 05 Sep 2019",F1Soft International Pvt Ltd.,https://www.jobsnepal.com/employer/f1soft-international-pvt-ltd/7866
158,Associate Software Engineer,https://www.jobsnepal.com/job/associate-software-engineer/115341,1+ years,Kathmandu,B.E. in Computer Science,"Thu, 05 Sep 2019",F1Soft International Pvt Ltd.,https://www.jobsnepal.com/employer/f1soft-international-pvt-ltd/7866
159,REQUESTS FOR APPLICATIONS,https://www.jobsnepal.com/job/requests-for-applications/115339,Please check vacancy details.,Kathmandu,,"Sun, 15 Sep 2019",Winrock International-Hamro Samman,https://www.jobsnepal.com/employer/winrock-international-hamro-samman/8360
160,Merchant Officer,https://www.jobsnepal.com/job/merchant-officer/115336,Please check vacancy details.,"Dhangadi, Biratnagar, Pokhara",,"Wed, 04 Sep 2019",eSewa Fonepay Pvt. Ltd.,https://www.jobsnepal.com/employer/esewa-fonepay-pvt-ltd/9394
161,Groovy and Grails Developer,https://www.jobsnepal.com/job/groovy-and-grails-developer/115335,Please check vacancy details.,Kathmandu,,"Wed, 04 Sep 2019",Dryice Solutions Pvt. Ltd.,https://www.jobsnepal.com/employer/dryice-solutions-pvt-ltd/8383
162,Correspondence Executive,https://www.jobsnepal.com/job/correspondence-executive/115328,3+ years,Kathmandu,Bachelors in Travel / Tourism Mgmt. (BTTM),"Wed, 04 Sep 2019",Dharma Adventures,https://www.jobsnepal.com/employer/dharma-adventures/1141
163,Assistant - Marketing Executive,https://www.jobsnepal.com/job/assistant-marketing-executive/115327,1+ years,Kathmandu,Bachelors in Travel / Tourism Mgmt. (BTTM),"Wed, 04 Sep 2019",Dharma Adventures,https://www.jobsnepal.com/employer/dharma-adventures/1141
164,Sales and Marketing Officer,https://www.jobsnepal.com/job/sales-and-marketing-officer/115326,2+ years,Kathmandu,BBA / BBM,"Wed, 04 Sep 2019",Suvidha Sewa Pvt. Ltd.,https://www.jobsnepal.com/employer/suvidha-sewa-pvt-ltd/7533
165,Assistant Manager Operations,https://www.jobsnepal.com/job/assistant-manager-operations/115325,2+ years,Kathmandu,Bachelors in Travel / Tourism Mgmt. (BTTM),"Wed, 04 Sep 2019",Dharma Adventures,https://www.jobsnepal.com/employer/dharma-adventures/1141
166,ASP.NET Developer MVC,https://www.jobsnepal.com/job/asp-net-developer-mvc/115324,Please check vacancy details.,Kathmandu,,"Tue, 03 Sep 2019",Purbey Software Pvt. Ltd.,https://www.jobsnepal.com/employer/purbey-software-pvt-ltd/9451
167,Product Manager/Assistant Manager/Officer - (Retail Store/Antivirus/Lifestyle Products),https://www.jobsnepal.com/job/product-manager-assistant-manager-officer-retail-store-antivirus-lifestyle-products/115322,Please check vacancy details.,Kathmandu,,"Tue, 03 Sep 2019",Sagar Group,https://www.jobsnepal.com/employer/sagar-group/8050
168,Director/Assistant Director/Manager - Technical,https://www.jobsnepal.com/job/director-assistant-director-manager-technical/115321,2+ years,Kathmandu,,"Tue, 03 Sep 2019",Sagar Group,https://www.jobsnepal.com/employer/sagar-group/8050
169,Sales and Marketing (E-commerce),https://www.jobsnepal.com/job/sales-and-marketing-e-commerce/115318,1+ years,Kathmandu,,"Tue, 03 Sep 2019",Sagar Group,https://www.jobsnepal.com/employer/sagar-group/8050
170,ERP Implementation Officer,https://www.jobsnepal.com/job/erp-implementation-officer/115317,1+ years,Kathmandu,,"Tue, 03 Sep 2019",Sagar Group,https://www.jobsnepal.com/employer/sagar-group/8050
171,Contract staff for Merchant Enrollment,https://www.jobsnepal.com/job/contract-staff-for-merchant-enrollment/115314,Please check vacancy details.,Kathmandu,B. Com./BBS,"Tue, 03 Sep 2019",eSewa Fonepay Pvt. Ltd.,https://www.jobsnepal.com/employer/esewa-fonepay-pvt-ltd/9394
172,Sr. Software Engineer/Software Engineer,https://www.jobsnepal.com/job/sr-software-engineer-software-engineer/115313,Please check vacancy details.,Kathmandu,,"Tue, 03 Sep 2019",Deba Jyoti Group Holding and Investment Pvt. Ltd.,https://www.jobsnepal.com/employer/deba-jyoti-group-holding-and-investment-pvt-ltd/11362
173,Marketing and Communications Officer,https://www.jobsnepal.com/job/marketing-and-communications-officer/115312,3+ years,Lalitpur,BBA / BBM,"Tue, 03 Sep 2019",The Vesper House Pvt. Ltd.,https://www.jobsnepal.com/employer/the-vesper-house-pvt-ltd/7224
174,Event & Marketing Coordinator/ Marketing Director/Asst. Marketing Director,https://www.jobsnepal.com/job/event-marketing-coordinator-marketing-director-asst-marketing-director/115320,Please check vacancy details.,Kathmandu,,"Tue, 03 Sep 2019",Sagar Group,https://www.jobsnepal.com/employer/sagar-group/8050
175,QA Engineer,https://www.jobsnepal.com/job/qa-engineer/114292,Please check vacancy details.,Kathmandu,,"Tue, 10 Sep 2019",LIS Nepal Pvt. Ltd. (Sister Concern of Yomari Group of Companies),https://www.jobsnepal.com/employer/lis-nepal-pvt-ltd-sister-concern-of-yomari-group-of-companies/8922
176,Urgently needed WEB Developers & Mobile Apps Developers,https://www.jobsnepal.com/job/urgently-needed-web-developers-mobile-apps-developers/113085,2+ years,Kathmandu,B.E. in Computer Science,"Mon, 09 Sep 2019",SWS Pvt. Ltd.,https://www.jobsnepal.com/employer/sws-pvt-ltd/7954
177,Software QA Intern,https://www.jobsnepal.com/job/software-qa-intern/99804,Fresh Graduate,Kathmandu,Bachelors in Computer Science,"Mon, 30 Sep 2019",Spiralogics International,https://www.jobsnepal.com/employer/spiralogics-international/5052
